RK,TEAM,CONF,G,W,ADJOE,ADJDE,BARTHAG,EFG_O,EFG_D,TOR,TORD,ORB,DRB,FTR,FTRD,2P_O,2P_D,3P_O,3P_D,ADJ_T,WAB,SEED,WP,NET_EFF,YEAR
1,Duke,ACC,34,32,128.2,90.8,0.9813,56.8,46.2,15.7,18.1,38.1,24.8,37.8,23.7,60.1,46.6,35.1,30.4,65.8,13.7,1.0,0.941,37.39999999999999,2025
2,Michigan,B10,34,31,127.6,91.0,0.9799,58.1,44.7,16.7,15.5,35.4,27.7,37.7,26.3,61.0,44.3,36.0,30.2,71.2,14.0,1.0,0.912,36.599999999999994,2025
3,Arizona,B12,34,32,126.9,91.4,0.9776,55.1,45.0,15.1,16.7,38.1,26.9,42.9,27.7,55.4,43.8,36.0,31.4,70.0,13.7,1.0,0.941,35.5,2025
4,Florida,SEC,33,26,126.1,92.3,0.9732,53.5,46.3,16.5,15.4,43.2,24.8,39.1,34.0,57.9,45.2,30.8,32.4,70.4,8.5,1.0,0.788,33.8,2025
5,Houston,B12,34,28,125.4,92.4,0.9709,52.1,46.6,13.0,21.0,35.9,30.9,26.9,39.0,51.9,45.5,34.9,32.1,63.3,9.0,2.0,0.824,33.0,2025
6,Illinois,B10,32,24,131.9,98.2,0.9676,55.1,47.6,13.2,11.6,38.7,27.0,32.9,20.6,58.2,48.0,34.7,31.4,65.7,6.6,3.0,0.75,33.7,2025
7,Iowa St.,B12,34,27,123.8,92.6,0.9655,56.5,49.5,15.1,22.4,35.3,28.1,34.0,27.9,55.5,50.5,38.7,32.1,67.0,7.4,2.0,0.794,31.200000000000003,2025
8,Purdue,B10,35,27,133.3,100.3,0.9636,57.6,52.3,13.5,15.6,36.3,26.4,28.6,26.0,58.1,53.1,37.9,34.2,64.4,9.2,2.0,0.771,33.000000000000014,2025
9,Connecticut,BE,34,29,123.1,95.0,0.9518,55.3,45.7,16.8,18.0,35.7,28.7,30.0,40.2,57.1,45.8,35.2,30.3,64.6,8.8,2.0,0.853,28.099999999999994,2025
10,Vanderbilt,SEC,34,26,127.5,99.3,0.9461,55.3,48.8,13.3,17.9,31.2,31.6,38.2,41.0,56.8,49.1,35.5,32.2,69.0,7.3,5.0,0.765,28.200000000000003,2025
11,Gonzaga,WCC,33,30,120.3,94.0,0.9445,56.3,46.2,13.7,20.5,34.8,25.9,31.1,31.0,58.7,46.2,34.0,30.8,68.9,7.4,3.0,0.909,26.299999999999997,2025
12,Texas Tech,B12,32,22,126.3,98.8,0.9439,56.2,49.4,15.9,14.7,33.3,30.1,27.1,31.6,53.6,50.6,39.3,31.5,66.4,5.1,5.0,0.688,27.5,2025
13,Michigan St.,B10,32,25,122.9,96.2,0.9437,53.6,48.6,17.1,14.8,38.5,22.6,36.2,30.9,53.4,48.0,35.9,32.9,66.0,7.4,3.0,0.781,26.700000000000003,2025
14,Virginia,ACC,34,29,122.3,95.8,0.9427,54.6,45.3,16.0,15.6,37.9,29.2,33.0,33.0,55.2,44.7,35.9,30.9,65.6,7.8,3.0,0.853,26.5,2025
15,St. John's,BE,34,28,119.8,94.1,0.9415,51.0,47.4,14.7,19.4,35.9,30.2,41.9,31.8,51.6,47.5,33.2,31.3,69.6,7.3,5.0,0.824,25.700000000000003,2025
16,Tennessee,SEC,33,22,121.5,95.5,0.9408,51.6,47.7,17.1,16.3,45.1,27.9,38.7,36.2,52.2,49.2,33.4,30.6,65.2,4.1,6.0,0.667,26.0,2025
17,Louisville,ACC,33,23,124.0,98.2,0.9364,56.4,48.8,16.4,16.7,32.9,26.9,33.5,33.4,59.7,48.6,35.7,32.7,69.7,4.0,6.0,0.697,25.799999999999997,2025
18,Alabama,SEC,32,23,129.5,102.8,0.9344,55.4,49.2,13.0,12.6,31.8,32.8,37.2,32.7,57.3,48.6,35.8,33.5,73.1,6.6,4.0,0.719,26.700000000000003,2025
19,Arkansas,SEC,34,26,127.9,101.7,0.9337,56.5,51.4,12.3,15.7,32.2,31.2,36.4,31.3,55.6,53.7,38.9,31.7,71.0,7.5,4.0,0.765,26.200000000000003,2025
20,Nebraska,B10,32,26,117.2,93.5,0.931,55.4,47.8,14.4,19.2,26.3,27.7,27.2,24.8,58.1,50.6,35.3,29.9,66.8,7.5,4.0,0.812,23.700000000000003,2025
21,Wisconsin,B10,34,24,127.2,101.6,0.9294,54.5,51.3,12.8,14.4,29.4,28.2,31.9,30.5,54.8,52.3,36.1,33.3,68.7,5.4,5.0,0.706,25.60000000000001,2025
22,Kansas,B12,33,23,117.8,94.4,0.9279,51.6,45.2,15.5,14.0,29.5,30.1,32.6,27.7,51.1,44.7,35.0,30.7,67.6,6.3,4.0,0.697,23.39999999999999,2025
23,Ohio St.,B10,33,21,125.2,101.6,0.9171,56.5,50.3,15.4,15.8,30.8,30.0,37.8,35.1,58.2,52.3,36.0,31.6,66.2,2.9,8.0,0.636,23.60000000000001,2025
24,UCLA,B10,34,23,124.5,101.8,0.9106,53.9,50.4,13.4,18.1,31.1,32.4,33.1,34.7,52.0,52.7,38.2,31.8,64.7,3.6,7.0,0.676,22.700000000000003,2025
25,Saint Mary's,WCC,32,27,119.4,97.6,0.9105,52.9,46.7,16.4,15.2,37.6,23.8,35.8,25.7,50.2,46.6,38.6,31.2,65.3,4.0,7.0,0.844,21.80000000000001,2025
26,Iowa,B10,33,21,122.1,100.2,0.9069,56.6,52.7,15.2,21.0,30.1,28.0,34.5,39.1,58.7,54.0,35.7,33.7,63.0,2.0,9.0,0.636,21.89999999999999,2025
27,North Carolina,ACC,32,24,121.4,100.0,0.903,54.6,48.2,14.0,13.6,31.4,28.1,37.4,23.8,56.7,46.1,34.5,34.5,68.0,4.9,6.0,0.75,21.400000000000006,2025
28,Utah St.,MWC,34,28,123.0,102.1,0.8953,56.6,49.6,15.4,20.6,33.1,32.2,38.7,38.9,59.3,48.7,35.1,33.9,67.6,4.0,9.0,0.824,20.900000000000006,2025
29,Santa Clara,WCC,34,26,125.0,103.7,0.8952,54.6,51.8,15.6,20.1,36.7,32.3,25.8,38.3,56.5,53.2,34.9,33.0,69.3,2.1,10.0,0.765,21.299999999999997,2025
30,Clemson,ACC,34,24,116.6,97.0,0.8923,52.6,48.9,14.2,17.5,28.1,25.7,37.1,33.1,53.8,49.0,34.1,32.6,64.3,3.2,8.0,0.706,19.599999999999994,2025
31,Kentucky,SEC,34,21,119.9,100.0,0.89,53.1,48.8,15.0,15.8,33.8,30.1,37.5,37.0,54.4,49.6,34.1,31.6,68.3,3.3,7.0,0.618,19.900000000000006,2025
32,Cincinnati,B12,33,18,112.3,93.7,0.8894,50.5,47.3,17.0,18.2,30.6,27.3,29.4,30.0,50.2,47.9,33.9,31.0,67.7,-2.0,,0.545,18.599999999999994,2025
33,BYU,B12,34,23,124.7,104.3,0.8865,54.7,51.2,15.3,16.5,34.6,29.3,34.2,28.9,56.2,50.0,34.9,35.3,69.8,4.5,6.0,0.676,20.400000000000006,2025
34,Indiana,B10,32,18,121.9,102.1,0.8852,56.1,49.0,15.1,15.1,26.9,29.3,35.0,37.0,60.3,48.6,34.7,33.1,66.2,-0.4,,0.562,19.80000000000001,2025
35,Miami FL,ACC,33,25,121.1,101.5,0.8843,55.6,51.7,16.2,18.4,37.0,26.3,37.5,29.0,57.2,50.8,34.7,35.4,67.9,3.9,7.0,0.758,19.599999999999994,2025
36,Villanova,BE,32,24,119.6,100.5,0.8805,53.7,51.3,15.1,18.7,32.4,31.7,31.3,28.9,54.4,51.5,35.3,33.9,64.9,3.9,8.0,0.75,19.099999999999994,2025
37,Georgia,SEC,32,22,124.3,104.8,0.8776,54.6,50.1,14.3,18.4,35.2,34.9,37.0,30.8,57.3,49.9,34.1,33.7,72.0,2.6,8.0,0.688,19.5,2025
38,N.C. State,ACC,33,20,124.1,104.7,0.8763,55.3,53.0,13.1,18.2,28.5,30.3,35.2,36.5,53.1,52.7,38.8,35.6,69.1,0.34,11.0,0.606,19.39999999999999,2025
39,Oklahoma,SEC,34,19,125.2,105.9,0.8729,55.1,51.2,14.4,15.3,33.6,33.0,35.9,34.0,55.0,51.1,36.8,34.2,66.1,-0.47,,0.559,19.299999999999997,2025
40,Texas A&M,SEC,32,21,119.9,101.4,0.8726,54.2,50.8,14.6,18.3,32.3,32.5,37.4,35.6,54.1,53.1,36.2,31.7,71.0,1.6,10.0,0.656,18.5,2025
41,Auburn,SEC,33,17,124.2,105.8,0.8631,52.3,53.6,14.7,16.3,37.6,32.1,44.7,35.4,53.4,52.8,33.8,36.5,67.4,0.19,,0.515,18.400000000000006,2025
42,SMU,ACC,33,20,123.0,105.0,0.8611,55.7,51.4,15.9,17.1,35.4,31.6,30.6,32.0,55.5,52.0,37.4,33.9,68.6,-0.02,11.0,0.606,18.0,2025
43,Saint Louis,A10,33,28,119.5,102.2,0.8579,59.7,44.8,17.4,16.1,31.1,27.0,34.7,37.2,58.9,44.6,40.5,30.0,71.0,1.9,9.0,0.848,17.299999999999997,2025
44,San Diego St.,MWC,33,22,112.2,96.1,0.8556,52.7,48.2,17.2,20.3,29.5,31.1,39.0,38.5,53.2,46.2,34.5,33.6,68.6,-0.09,,0.667,16.10000000000001,2025
45,Texas,SEC,32,18,124.0,106.4,0.8538,54.2,51.2,15.3,13.4,35.7,26.9,46.2,40.7,55.3,49.8,34.9,36.0,67.1,-0.21,11.0,0.562,17.599999999999994,2025
46,Missouri,SEC,32,20,119.9,103.0,0.8515,55.3,51.4,18.0,16.6,35.5,31.4,42.5,35.1,56.9,48.9,35.0,36.5,66.4,1.2,10.0,0.625,16.900000000000006,2025
47,Baylor,B12,32,16,123.4,106.6,0.8435,53.8,52.5,16.5,16.1,37.5,32.2,34.8,30.2,55.2,52.2,34.5,35.5,67.8,-2.2,,0.5,16.80000000000001,2025
48,VCU,A10,34,27,119.3,103.1,0.843,54.1,48.9,15.2,17.2,32.3,29.9,43.7,33.1,53.3,48.4,36.7,33.1,68.7,1.7,11.0,0.794,16.200000000000003,2025
49,TCU,B12,33,22,114.9,99.6,0.8366,50.9,51.0,15.5,19.7,34.4,29.2,38.7,30.4,51.6,51.3,33.1,33.7,67.6,2.4,9.0,0.667,15.300000000000011,2025
50,South Florida,Amer,33,25,116.8,101.4,0.8353,50.9,48.4,15.2,18.8,38.2,31.8,41.1,38.8,51.9,46.7,33.1,33.9,71.4,-0.25,11.0,0.758,15.399999999999991,2025
51,Florida St.,ACC,33,18,119.4,104.0,0.8314,52.3,52.2,15.2,19.0,30.8,34.1,34.7,32.7,55.1,52.5,33.1,34.6,70.6,-1.8,,0.545,15.400000000000006,2025
52,Washington,B10,33,16,116.8,102.2,0.8223,51.2,50.2,15.3,14.3,34.6,28.5,30.1,31.0,53.4,50.0,31.5,33.6,67.1,-3.0,,0.485,14.599999999999994,2025
53,Virginia Tech,ACC,32,19,117.6,103.1,0.8195,52.2,50.8,14.9,17.2,31.9,32.6,34.0,28.8,51.5,54.1,35.5,30.6,67.2,-0.8,,0.594,14.5,2025
54,New Mexico,MWC,33,23,116.4,102.1,0.8193,53.6,49.6,15.3,19.1,30.3,27.6,36.2,34.9,53.3,53.6,36.1,30.3,69.8,-0.4,,0.697,14.300000000000011,2025
55,Grand Canyon,MWC,32,20,111.1,97.5,0.8169,51.7,47.4,17.6,17.3,31.3,25.3,39.5,39.0,54.2,47.2,31.8,31.9,68.0,-3.1,,0.625,13.599999999999994,2025
56,Boise St.,MWC,32,20,118.1,103.8,0.8154,52.2,52.7,16.9,14.5,33.2,23.6,42.7,32.1,52.7,53.3,34.3,34.4,65.7,-2.1,,0.625,14.299999999999997,2025
57,Minnesota,B10,32,15,116.0,102.1,0.8117,54.2,51.9,16.6,17.1,27.2,29.8,35.9,27.3,56.0,51.7,34.8,34.7,62.7,-3.9,,0.469,13.900000000000006,2025
58,UCF,B12,32,21,120.0,105.7,0.8117,52.8,52.4,15.7,15.8,34.4,28.5,30.8,35.2,52.1,53.2,36.2,34.0,69.1,2.1,10.0,0.656,14.299999999999997,2025
59,Stanford,ACC,32,20,117.0,103.7,0.8014,51.7,51.2,15.5,18.3,32.3,30.1,35.7,40.3,50.4,51.5,35.6,33.7,67.0,-0.9,,0.625,13.299999999999997,2025
60,Seton Hall,BE,33,21,108.7,96.3,0.8013,47.6,47.3,16.7,21.5,35.6,31.9,35.3,42.1,48.3,46.3,30.5,32.4,65.2,-0.26,,0.636,12.400000000000006,2025
61,Arizona St.,B12,33,17,115.2,102.4,0.7962,51.1,52.4,17.1,18.5,29.8,34.9,39.5,34.3,51.7,52.3,33.4,35.0,69.2,-1.0,,0.515,12.799999999999997,2025
62,West Virginia,B12,32,18,108.5,96.6,0.7917,51.1,48.3,17.5,18.1,31.0,29.0,35.5,29.2,52.5,45.7,32.8,35.0,62.5,-1.9,,0.562,11.900000000000006,2025
63,Northwestern,B10,34,15,116.4,103.8,0.7904,51.7,51.0,13.0,17.5,28.1,34.7,33.9,34.8,52.9,51.6,33.0,33.4,65.1,-3.7,,0.441,12.600000000000009,2025
64,Mississippi,SEC,35,15,114.1,101.7,0.7892,50.4,50.5,14.0,16.4,28.3,32.6,33.0,41.2,50.8,50.8,33.2,33.4,66.1,-4.4,,0.429,12.399999999999991,2025
65,Tulsa,Amer,33,26,121.0,108.3,0.7818,56.5,49.9,15.2,15.5,32.0,29.0,40.9,32.0,54.3,49.6,39.4,33.5,67.8,-1.0,,0.788,12.700000000000003,2025
66,USC,B10,32,18,113.1,101.3,0.7801,50.4,49.7,17.4,16.3,32.4,32.2,44.2,33.4,51.8,52.0,31.7,30.9,70.7,-0.9,,0.562,11.799999999999997,2025
67,Wake Forest,ACC,33,17,117.9,105.6,0.7791,52.6,52.0,15.4,17.8,29.7,32.9,35.1,36.2,53.3,54.2,34.4,33.0,68.3,-2.9,,0.515,12.300000000000011,2025
68,California,ACC,32,21,113.8,102.2,0.7755,52.2,49.6,15.0,16.1,25.8,30.3,37.3,37.2,50.5,51.9,36.3,30.9,67.9,-0.6,,0.656,11.599999999999994,2025
69,Northern Iowa,MVC,35,23,109.7,98.6,0.7745,54.2,47.2,14.6,18.1,22.0,26.3,25.7,29.3,55.3,50.0,34.9,28.9,62.2,-5.3,12.0,0.657,11.100000000000009,2025
70,LSU,SEC,32,15,118.8,106.7,0.7744,52.8,50.9,15.6,13.9,33.1,31.7,40.9,37.8,54.5,49.5,33.1,35.4,66.6,-4.3,,0.469,12.099999999999994,2025
71,Akron,MAC,34,29,117.2,105.4,0.7726,58.5,50.6,15.5,18.4,33.5,29.9,29.1,30.3,59.1,49.0,38.5,35.1,70.3,-0.2,12.0,0.853,11.799999999999997,2025
72,Butler,BE,32,16,117.2,105.6,0.7688,50.9,51.9,15.9,15.1,34.6,30.0,42.1,24.9,51.9,53.1,32.7,33.3,68.9,-4.2,,0.5,11.600000000000009,2025
73,McNeese St.,Slnd,33,28,113.2,102.2,0.7644,51.0,48.9,14.3,24.6,35.0,35.0,38.3,42.1,52.9,49.1,31.6,32.5,66.1,0.7,12.0,0.848,11.0,2025
74,Providence,BE,33,15,120.9,109.2,0.7633,55.0,51.4,16.7,13.1,31.7,30.8,36.7,32.7,55.3,50.4,36.4,35.3,71.3,-5.1,,0.455,11.700000000000003,2025
75,Oklahoma St.,B12,33,19,118.5,107.2,0.7599,52.1,52.9,15.9,16.0,31.3,30.7,39.4,32.5,52.8,52.6,33.8,35.5,72.2,-0.8,,0.576,11.299999999999997,2025
76,Colorado,B12,32,17,118.0,106.8,0.7586,53.2,52.9,14.5,15.4,29.0,29.8,35.8,36.3,53.3,51.6,35.3,36.8,68.6,-2.7,,0.531,11.200000000000003,2025
77,Marquette,BE,32,12,111.8,101.2,0.7585,50.5,50.6,16.0,19.3,29.7,34.7,32.8,32.0,52.7,51.5,31.7,32.7,69.2,-7.4,,0.375,10.599999999999994,2025
78,Georgetown,BE,34,16,114.0,103.3,0.7567,49.6,49.9,15.8,16.2,32.5,31.5,37.3,33.9,50.7,50.0,31.8,33.3,66.2,-4.9,,0.471,10.700000000000003,2025
79,Nevada,MWC,34,22,114.5,103.8,0.7558,49.7,51.0,14.9,17.4,32.1,27.2,46.6,40.3,47.5,51.0,36.2,34.1,66.0,-1.9,,0.647,10.700000000000003,2025
80,Belmont,MVC,32,26,120.1,109.0,0.7534,61.0,49.9,18.1,17.4,28.8,29.2,32.5,30.7,60.6,48.5,41.0,34.2,69.0,-0.6,,0.812,11.099999999999994,2025
81,Syracuse,ACC,32,15,115.2,104.7,0.7497,52.6,50.3,16.0,17.4,29.2,33.6,35.1,32.6,54.5,49.8,32.9,34.1,67.4,-4.5,,0.469,10.5,2025
82,Dayton,A10,34,23,110.1,100.1,0.7494,51.7,50.9,17.4,21.2,27.0,29.2,47.1,35.7,52.1,49.1,34.1,35.6,67.0,-1.5,,0.676,10.0,2025
83,George Washington,A10,33,18,117.4,107.0,0.7448,54.6,52.3,17.9,17.8,36.2,28.1,35.5,34.9,56.5,53.7,35.0,33.6,69.3,-7.7,,0.545,10.400000000000006,2025
84,Wichita St.,Amer,33,22,111.3,102.0,0.7315,49.5,47.3,15.0,15.9,38.3,29.3,36.1,34.6,49.0,47.7,33.5,30.9,66.2,-3.8,,0.667,9.299999999999997,2025
85,Creighton,BE,32,15,114.9,105.4,0.7307,53.1,51.1,16.5,14.0,27.5,29.7,27.5,24.6,54.3,50.2,34.5,35.4,67.4,-4.0,,0.469,9.5,2025
86,Miami OH,MAC,32,31,116.7,107.6,0.7177,59.2,50.8,14.5,17.5,25.3,28.1,40.2,30.9,61.5,51.6,37.5,33.0,69.9,2.5,11.0,0.969,9.100000000000009,2025
87,Utah Valley,WAC,33,25,112.3,103.6,0.717,55.1,49.0,20.2,21.2,34.8,31.4,38.2,39.3,57.1,47.5,33.9,34.8,68.6,-2.7,,0.758,8.700000000000003,2025
88,Colorado St.,MWC,33,21,118.2,109.1,0.715,58.0,53.1,18.6,15.3,30.0,29.0,39.6,34.2,57.3,54.4,39.1,34.3,63.0,-3.0,,0.636,9.100000000000009,2025
89,Stephen F. Austin,Slnd,33,28,112.5,104.0,0.7112,51.7,47.9,14.1,17.6,33.9,28.6,30.4,30.0,50.2,49.2,36.0,30.4,65.7,-0.9,,0.848,8.5,2025
90,Oregon,B10,32,12,111.8,103.5,0.7076,49.5,50.9,17.6,15.7,32.3,32.3,35.0,32.0,50.5,51.5,32.1,33.4,65.9,-6.3,,0.375,8.299999999999997,2025
91,Hofstra,CAA,34,24,113.2,104.9,0.7049,51.5,45.9,16.1,15.0,34.9,30.5,32.5,35.4,48.6,44.2,36.8,32.3,64.7,-4.7,13.0,0.706,8.299999999999997,2025
92,Yale,Ivy,30,24,118.8,110.4,0.6998,56.1,52.0,14.0,16.4,33.8,29.2,35.2,27.1,54.0,51.7,39.9,34.9,64.7,-1.5,,0.8,8.399999999999991,2025
93,High Point,BSth,34,30,115.7,107.5,0.6991,54.7,50.1,13.0,21.9,32.1,31.7,42.9,36.4,57.1,51.6,34.4,31.9,69.9,-1.4,12.0,0.882,8.200000000000003,2025
94,Xavier,BE,33,15,117.3,109.3,0.6921,51.8,54.1,13.9,15.5,26.5,29.5,28.1,32.6,49.8,55.3,36.5,34.8,70.3,-5.0,,0.455,8.0,2025
95,Wyoming,MWC,32,18,115.1,107.4,0.6893,52.0,52.2,16.4,16.7,34.7,27.5,35.6,48.4,54.1,53.7,32.9,33.0,66.1,-5.3,,0.562,7.699999999999989,2025
96,Cal Baptist,WAC,33,25,107.5,100.3,0.6889,48.6,46.4,18.1,17.1,37.8,27.2,36.1,37.1,47.7,47.3,33.7,29.7,65.9,-2.3,13.0,0.758,7.200000000000003,2025
97,Notre Dame,ACC,31,13,115.0,107.4,0.6879,52.3,51.8,17.0,14.0,31.2,26.7,34.1,36.2,51.4,53.6,35.6,33.2,66.0,-5.6,,0.419,7.599999999999994,2025
98,Saint Joseph's,A10,33,22,108.4,101.3,0.6848,49.3,47.6,16.9,15.2,31.4,30.9,30.4,26.3,51.9,47.5,30.8,31.8,68.0,-4.0,,0.667,7.1000000000000085,2025
99,Mississippi St.,SEC,32,13,112.9,105.5,0.6845,51.5,50.9,16.1,12.8,29.8,30.7,30.7,32.3,53.4,51.0,32.4,33.9,69.5,-5.6,,0.406,7.400000000000006,2025
100,South Carolina,SEC,32,13,111.8,104.6,0.6811,50.3,51.6,14.5,14.6,27.2,32.1,36.7,34.0,53.2,53.7,31.1,31.8,66.3,-6.1,,0.406,7.200000000000003,2025
101,DePaul,BE,32,16,106.8,100.0,0.6798,49.8,49.3,17.8,18.6,30.0,31.1,35.3,37.8,50.5,47.3,32.5,35.4,66.5,-5.1,,0.5,6.799999999999997,2025
102,Kansas St.,B12,32,12,112.7,105.6,0.6783,53.3,52.5,17.4,17.1,29.2,33.9,26.9,35.2,52.4,53.7,36.4,33.7,72.7,-6.7,,0.375,7.1000000000000085,2025
103,Pittsburgh,ACC,33,13,112.6,105.6,0.6782,51.0,53.4,17.3,16.2,33.9,28.1,30.4,30.9,51.7,53.7,33.4,35.2,63.7,-7.2,,0.394,7.0,2025
104,Seattle,WCC,33,20,102.6,96.4,0.6707,49.4,48.3,17.0,21.1,24.6,31.8,34.5,32.9,49.7,48.2,32.6,32.4,67.7,-5.4,,0.606,6.199999999999989,2025
105,Davidson,A10,33,20,110.1,103.7,0.6672,52.6,50.4,16.1,17.8,28.6,30.4,31.8,36.6,52.2,51.6,35.3,32.3,63.6,-5.8,,0.606,6.3999999999999915,2025
106,Sam Houston St.,CUSA,33,22,113.9,107.2,0.6671,52.4,51.0,16.7,16.4,36.0,30.0,34.7,37.1,50.4,52.9,37.3,32.3,70.0,-5.3,,0.667,6.700000000000003,2025
107,Pacific,WCC,33,18,110.5,104.1,0.6647,52.2,50.0,20.1,15.1,35.3,25.0,30.5,36.3,51.3,48.5,35.8,34.7,64.4,-6.8,,0.545,6.400000000000006,2025
108,UC Irvine,BW,34,23,104.5,98.6,0.6595,49.7,45.4,17.9,18.5,31.1,31.5,35.8,26.8,49.2,42.7,33.9,33.3,68.2,-5.9,,0.676,5.900000000000006,2025
109,UNLV,MWC,33,17,115.5,109.2,0.6571,53.3,52.6,16.9,17.3,31.0,31.5,41.7,45.3,53.6,52.3,35.3,35.4,69.9,-6.0,,0.515,6.299999999999997,2025
110,Illinois St.,MVC,32,20,109.2,103.4,0.6514,53.6,50.0,16.8,16.4,28.6,25.3,31.8,33.1,54.6,49.9,34.8,33.4,66.8,-5.8,,0.625,5.799999999999997,2025
111,St. Thomas,Sum,33,24,113.9,107.9,0.6512,59.4,50.9,13.8,17.1,22.3,27.1,34.4,30.4,63.6,53.5,36.4,31.4,68.4,-5.0,,0.727,6.0,2025
112,Illinois Chicago,MVC,34,19,109.6,103.8,0.6509,49.7,49.9,17.6,19.6,36.5,32.1,36.5,34.3,50.7,50.6,31.7,32.7,66.3,-8.6,,0.559,5.799999999999997,2025
113,Maryland,B10,33,12,111.7,105.9,0.6496,48.1,54.4,18.6,14.9,33.8,29.1,36.4,35.8,48.6,54.4,31.7,36.3,66.3,-5.4,,0.364,5.799999999999997,2025
114,North Dakota St.,Sum,34,27,111.4,106.0,0.6392,53.4,51.5,15.6,18.7,33.6,25.7,30.7,29.1,53.2,52.6,35.7,33.5,66.4,-3.4,14.0,0.794,5.400000000000006,2025
115,Utah,B12,32,10,114.9,109.4,0.6367,52.0,53.9,16.7,13.3,29.3,31.6,31.7,29.9,51.5,54.6,35.3,35.1,66.3,-8.8,,0.312,5.5,2025
116,Hawaii,BW,32,24,106.9,101.8,0.6355,52.0,46.4,18.9,16.9,31.4,25.0,42.4,36.1,55.0,46.6,31.6,30.7,69.6,-3.7,13.0,0.75,5.1000000000000085,2025
117,Rutgers,B10,33,14,110.9,105.9,0.6297,47.5,53.0,15.1,17.1,29.8,33.1,36.1,31.4,46.6,52.5,32.8,35.8,66.7,-5.3,,0.424,5.0,2025
118,George Mason,A10,32,23,110.8,105.9,0.6295,53.1,49.4,15.9,15.6,31.1,28.3,41.1,28.6,54.7,49.8,33.4,32.5,63.6,-3.0,,0.719,4.8999999999999915,2025
119,UT Rio Grande Valley,Slnd,33,19,111.3,106.5,0.6233,54.8,47.8,18.5,16.3,28.2,32.1,28.9,38.9,54.5,49.2,36.8,30.4,66.4,-8.2,,0.576,4.799999999999997,2025
120,Liberty,CUSA,32,25,117.6,112.9,0.6134,59.8,53.1,13.7,17.2,19.1,32.6,31.3,26.2,60.8,50.5,39.2,38.3,63.9,-2.2,,0.781,4.699999999999989,2025
121,Duquesne,A10,33,18,110.8,106.7,0.6084,52.3,52.5,17.6,18.3,30.4,29.6,38.3,39.9,54.5,51.3,33.1,36.2,68.8,-7.5,,0.545,4.099999999999994,2025
122,UC San Diego,BW,34,23,106.2,102.2,0.6083,52.6,48.4,16.5,16.8,26.1,27.0,31.2,29.3,55.0,49.3,32.8,31.5,67.2,-5.8,,0.676,4.0,2025
123,Florida Atlantic,Amer,33,18,109.6,105.6,0.6041,52.2,49.5,17.6,15.5,31.6,28.3,33.3,36.2,53.6,48.8,33.3,33.8,69.8,-8.3,,0.545,4.0,2025
124,San Francisco,WCC,33,17,113.3,109.3,0.6012,51.2,50.8,15.8,14.1,31.3,29.0,40.1,29.6,50.7,50.6,34.6,34.1,65.9,-7.0,,0.515,4.0,2025
125,UNC Wilmington,CAA,32,26,110.6,106.8,0.5998,50.9,47.2,15.0,15.0,35.4,26.7,41.7,31.8,49.4,49.5,35.5,29.5,64.9,-2.8,,0.812,3.799999999999997,2025
126,Washington St.,WCC,32,12,114.3,110.5,0.5981,54.7,52.6,18.4,14.6,29.5,28.2,30.2,33.0,54.6,52.4,36.5,35.4,67.9,-11.3,,0.375,3.799999999999997,2025
127,UC Santa Barbara,BW,32,18,113.6,110.0,0.5938,54.7,52.6,18.7,16.8,31.0,25.5,36.8,42.4,53.6,53.5,37.4,33.9,64.3,-9.1,,0.562,3.5999999999999943,2025
128,Montana St.,BSky,32,18,110.9,107.4,0.5932,53.6,51.7,14.7,15.7,27.0,28.2,30.2,29.6,53.1,51.8,36.1,34.3,65.9,-8.1,,0.562,3.5,2025
129,Southern Illinois,MVC,32,16,102.5,99.3,0.5887,49.2,49.0,17.0,18.5,30.9,27.3,31.3,31.4,52.2,51.5,27.8,30.4,69.0,-9.5,,0.5,3.200000000000003,2025
130,Wright St.,Horz,34,23,112.4,109.0,0.5864,54.4,52.1,16.3,16.5,33.2,29.2,38.0,33.5,54.5,52.9,36.1,33.6,67.0,-6.6,14.0,0.676,3.4000000000000057,2025
131,Fresno St.,MWC,32,13,107.0,103.8,0.5853,50.6,51.5,18.1,18.2,27.9,30.6,33.8,28.6,52.3,55.7,32.1,30.7,68.3,-10.3,,0.406,3.200000000000003,2025
132,Toledo,MAC,34,19,114.5,111.2,0.5848,54.5,54.3,14.7,17.8,29.5,33.7,30.5,26.6,54.0,56.1,37.0,34.4,67.9,-9.0,,0.559,3.299999999999997,2025
133,Memphis,Amer,32,13,107.9,104.8,0.5827,48.7,48.7,18.9,18.5,35.3,35.6,34.7,42.4,49.4,51.0,31.6,30.5,70.0,-9.6,,0.406,3.1000000000000085,2025
134,Bradley,MVC,33,21,110.8,107.8,0.5768,51.0,52.6,13.8,19.3,27.3,28.2,36.1,37.8,49.2,51.3,35.8,36.3,67.5,-6.0,,0.636,3.0,2025
135,Murray St.,MVC,32,20,115.1,112.2,0.5739,53.8,52.3,16.2,16.0,33.0,31.3,39.1,32.9,55.0,51.5,34.8,36.3,71.8,-5.4,,0.625,2.8999999999999915,2025
136,Idaho,BSky,35,21,108.8,106.2,0.5703,51.9,50.3,15.0,15.2,28.9,24.2,34.8,39.2,52.0,49.3,34.5,34.8,67.4,-8.9,15.0,0.6,2.5999999999999943,2025
137,UAB,Amer,32,20,108.5,106.0,0.5665,48.4,50.0,12.5,16.1,32.5,27.7,36.4,28.7,51.3,50.7,27.8,32.6,69.3,-6.2,,0.625,2.5,2025
138,Northern Colorado,BSky,32,20,112.3,109.8,0.5634,55.7,50.1,15.4,12.4,27.2,24.2,27.5,38.8,58.1,52.3,35.0,30.7,68.5,-7.1,,0.625,2.5,2025
139,Boston College,ACC,31,11,103.7,101.5,0.5621,47.0,48.9,15.4,14.9,28.3,28.6,32.4,34.6,49.1,49.6,29.4,31.9,66.0,-10.0,,0.355,2.200000000000003,2025
140,North Texas,Amer,33,19,103.1,101.2,0.5535,46.0,48.4,16.7,21.3,33.5,32.4,39.6,45.1,47.4,49.8,28.7,30.9,65.0,-7.3,,0.576,1.8999999999999915,2025
141,Penn St.,B10,32,12,113.8,111.7,0.552,53.0,58.4,15.6,17.7,25.9,31.1,33.8,27.5,55.8,58.6,32.4,38.8,67.5,-7.2,,0.375,2.0999999999999943,2025
142,Troy,SB,33,22,110.7,109.0,0.5437,51.9,50.1,17.0,16.9,34.8,31.6,36.3,32.1,53.7,52.0,33.2,31.3,65.1,-6.1,13.0,0.667,1.7000000000000028,2025
143,Temple,Amer,32,16,111.7,110.1,0.5408,50.2,50.7,13.7,15.5,29.8,30.3,40.6,35.5,50.0,51.5,33.6,32.8,64.9,-10.3,,0.5,1.6000000000000085,2025
144,Central Arkansas,ASun,34,22,109.6,108.1,0.5401,54.0,54.9,15.4,19.0,28.8,27.4,31.2,30.1,54.7,57.3,35.5,35.2,67.9,-6.6,,0.647,1.5,2025
145,Arkansas St.,SB,32,20,109.8,108.5,0.5342,51.7,50.3,19.8,14.9,38.2,27.0,39.1,37.0,53.6,50.8,32.9,32.9,72.1,-7.3,,0.625,1.2999999999999972,2025
146,Kennesaw St.,CUSA,34,21,110.8,109.5,0.5338,50.7,48.5,16.7,16.1,35.5,31.3,45.1,47.5,50.8,47.0,33.7,33.9,71.3,-8.0,14.0,0.618,1.2999999999999972,2025
147,Penn,Ivy,29,18,106.6,105.4,0.5315,50.3,51.7,15.4,17.8,30.3,30.5,35.2,27.5,46.2,54.4,38.7,31.7,69.0,-6.0,14.0,0.621,1.1999999999999886,2025
148,Navy,Pat,33,26,106.5,105.4,0.5283,53.2,48.0,16.8,18.3,31.6,26.9,39.6,25.6,52.9,50.4,36.0,30.1,65.2,-4.2,,0.788,1.0999999999999943,2025
149,Loyola Marymount,WCC,32,15,106.5,105.4,0.5279,51.8,48.9,17.5,16.6,26.7,32.0,31.1,32.5,51.6,47.2,34.8,34.6,67.2,-10.1,,0.469,1.0999999999999943,2025
150,Robert Morris,Horz,33,22,110.0,108.9,0.527,54.9,50.0,18.6,15.9,37.5,28.8,28.0,40.1,53.5,50.2,38.0,33.2,64.5,-6.7,,0.667,1.0999999999999943,2025
151,Eastern Washington,BSky,33,14,113.1,112.1,0.5266,53.7,54.9,17.7,16.2,31.3,30.8,36.1,37.3,53.6,56.3,35.9,35.2,67.8,-12.1,,0.424,1.0,2025
152,Rhode Island,A10,32,16,104.2,103.3,0.5244,50.1,50.4,19.2,21.1,31.0,31.8,38.4,42.6,52.8,49.3,31.1,34.7,65.8,-9.5,,0.5,0.9000000000000057,2025
153,Bowling Green,MAC,32,18,106.0,105.1,0.523,51.8,51.0,16.5,18.4,28.7,26.9,37.0,37.2,51.9,51.6,34.4,33.5,68.2,-9.7,,0.562,0.9000000000000057,2025
154,St. Bonaventure,A10,34,17,113.1,112.4,0.52,52.4,53.3,16.8,17.1,34.5,29.8,30.0,33.9,50.8,52.8,37.4,36.0,67.1,-10.0,,0.5,0.6999999999999886,2025
155,Cornell,Ivy,28,15,119.8,119.1,0.5172,58.5,55.9,16.0,15.1,30.2,30.6,30.2,37.2,59.7,55.7,38.3,37.5,71.4,-8.3,,0.536,0.7000000000000028,2025
156,Kent St.,MAC,33,24,110.6,110.0,0.5158,51.9,52.1,18.1,16.4,35.8,29.6,44.3,39.8,51.0,51.9,35.3,34.9,70.6,-3.9,,0.727,0.5999999999999943,2025
157,Middle Tennessee,CUSA,32,17,109.7,109.1,0.515,51.6,51.0,17.1,15.0,30.7,28.5,32.7,35.7,52.3,51.0,33.8,33.9,65.5,-8.8,,0.531,0.6000000000000085,2025
158,Portland St.,BSky,31,20,103.1,102.6,0.513,50.6,48.8,16.9,18.0,30.0,26.4,37.1,42.8,51.5,49.0,32.6,32.3,67.8,-6.3,,0.645,0.5,2025
159,Austin Peay,ASun,31,22,108.7,108.2,0.5124,53.0,52.2,15.4,17.9,29.7,28.9,37.6,32.8,53.0,53.9,35.3,33.2,69.2,-5.3,,0.71,0.5,2025
160,William & Mary,CAA,32,20,110.4,110.0,0.5107,54.3,51.9,16.5,19.0,26.0,31.5,44.0,35.5,57.9,53.7,33.0,33.1,72.6,-7.1,,0.625,0.4000000000000057,2025
161,Oregon St.,WCC,33,17,109.4,109.0,0.5098,50.5,50.3,17.7,15.3,26.8,32.1,43.1,35.1,48.8,51.0,35.0,32.9,65.2,-7.5,,0.515,0.4000000000000057,2025
162,Georgia Tech,ACC,31,11,106.9,106.6,0.5093,50.0,49.9,18.6,15.6,29.9,30.7,33.3,34.2,48.7,50.1,35.1,33.1,70.9,-9.7,,0.355,0.30000000000001137,2025
163,Valparaiso,MVC,33,18,107.6,107.2,0.509,47.6,50.5,15.7,16.9,32.5,30.1,39.1,35.1,45.8,51.9,33.9,32.1,65.1,-8.3,,0.545,0.3999999999999915,2025
164,UC Davis,BW,33,19,107.0,106.7,0.5077,51.8,51.7,17.9,19.8,25.2,30.5,40.5,39.1,51.9,52.4,34.4,33.8,68.9,-8.4,,0.576,0.29999999999999716,2025
165,Harvard,Ivy,29,17,105.4,105.2,0.506,53.2,50.4,17.4,17.1,26.8,28.2,25.7,26.6,54.0,51.4,34.7,32.6,63.1,-7.5,,0.586,0.20000000000000284,2025
166,Montana,BSky,34,18,107.2,107.0,0.5042,55.8,50.5,19.6,14.3,20.7,29.6,36.8,32.6,56.5,51.9,36.6,32.3,69.5,-10.0,,0.529,0.20000000000000284,2025
167,Cal St. Northridge,BW,34,20,108.9,108.9,0.5008,51.3,51.6,17.5,16.4,31.9,26.6,34.2,34.3,52.6,51.7,32.4,34.4,73.5,-8.2,,0.588,0.0,2025
168,Richmond,A10,32,15,110.4,110.5,0.4979,52.7,52.0,14.3,17.7,25.0,31.0,36.9,35.1,50.5,54.5,37.1,32.7,67.6,-10.9,,0.469,-0.09999999999999432,2025
169,Western Kentucky,CUSA,32,18,108.0,108.2,0.4957,47.5,51.2,14.5,17.2,31.8,29.5,41.2,46.8,45.8,51.0,33.4,34.3,69.9,-8.6,,0.562,-0.20000000000000284,2025
170,Merrimack,MAAC,34,23,106.2,106.4,0.4939,49.1,46.7,14.8,20.4,24.8,39.9,38.2,37.1,49.1,47.3,32.7,30.3,63.5,-6.3,,0.676,-0.20000000000000284,2025
171,Monmouth,CAA,34,19,106.3,106.7,0.4895,49.6,50.1,16.6,19.9,31.2,32.8,32.7,32.2,48.7,49.6,34.2,33.9,66.9,-10.0,,0.559,-0.4000000000000057,2025
172,Charlotte,Amer,34,17,112.9,113.5,0.4843,53.4,50.9,18.1,13.6,33.9,32.5,36.4,36.2,53.8,51.4,35.2,33.5,63.4,-10.2,,0.5,-0.5999999999999943,2025
173,Winthrop,BSth,34,23,110.4,111.0,0.4834,49.7,51.4,14.7,16.7,34.1,27.7,44.0,39.0,49.7,53.0,33.2,32.9,69.9,-5.6,,0.676,-0.5999999999999943,2025
174,Massachusetts,MAC,33,17,109.9,110.6,0.4814,53.1,52.9,17.8,16.8,33.3,26.1,37.0,44.6,53.2,55.4,35.2,33.0,70.2,-11.4,,0.515,-0.6999999999999886,2025
175,Towson,CAA,34,19,104.1,104.9,0.479,46.5,48.5,15.9,15.1,36.0,29.1,30.4,29.3,47.8,50.0,29.4,30.9,63.4,-9.0,,0.559,-0.8000000000000114,2025
176,FIU,CUSA,32,15,107.7,108.6,0.4768,50.6,52.9,17.7,20.1,33.9,34.8,38.6,35.9,49.9,51.7,34.7,36.2,71.6,-11.5,,0.469,-0.8999999999999915,2025
177,Fordham,A10,32,17,103.2,104.2,0.4723,48.6,49.9,17.2,17.2,34.1,26.8,26.4,30.3,51.9,49.8,28.9,33.4,64.2,-9.4,,0.531,-1.0,2025
178,Oakland,Horz,32,16,113.8,115.0,0.47,52.7,54.7,14.7,15.1,31.3,34.4,38.1,24.6,53.0,57.0,34.7,34.3,70.0,-8.4,,0.5,-1.2000000000000028,2025
179,Northern Kentucky,Horz,34,20,108.9,110.2,0.4683,53.2,54.2,16.3,18.6,32.2,31.6,35.9,37.2,55.5,53.8,33.6,36.6,70.0,-9.6,,0.588,-1.2999999999999972,2025
180,Green Bay,Horz,33,18,113.1,114.3,0.4681,54.9,53.6,16.0,13.2,25.1,29.6,41.6,37.4,55.0,52.9,36.4,36.3,63.0,-9.7,,0.545,-1.2000000000000028,2025
181,Texas A&M Corpus Chris,Slnd,33,18,104.1,105.3,0.4665,49.5,50.1,19.4,19.0,31.7,28.8,41.1,46.3,48.1,51.5,35.0,31.6,65.9,-9.0,,0.545,-1.2000000000000028,2025
182,UT Arlington,WAC,32,18,101.4,102.6,0.4646,47.2,47.4,20.7,18.0,34.9,30.1,42.5,40.9,48.8,50.9,29.1,26.9,64.8,-8.1,,0.562,-1.1999999999999886,2025
183,Utah Tech,WAC,34,19,111.2,112.7,0.4623,53.3,50.9,17.6,16.9,28.1,34.5,30.6,33.0,53.7,53.5,35.0,30.7,66.4,-8.1,,0.559,-1.5,2025
184,UMBC,AE,32,24,107.6,109.2,0.456,53.9,49.2,14.1,15.2,25.1,25.6,33.8,25.2,54.0,49.7,35.9,32.2,66.0,-5.1,16.0,0.75,-1.6000000000000085,2025
185,Appalachian St.,SB,32,19,105.3,107.0,0.4557,49.9,47.5,15.3,14.0,32.0,29.0,39.1,31.2,53.6,47.0,30.4,32.2,63.0,-9.2,,0.594,-1.7000000000000028,2025
186,Siena,MAAC,34,23,107.2,108.9,0.4549,50.6,48.6,16.0,17.1,31.9,29.0,34.2,27.2,52.8,48.2,30.4,32.8,64.6,-7.8,16.0,0.676,-1.7000000000000028,2025
187,Detroit Mercy,Horz,32,17,108.8,110.7,0.4518,49.5,52.2,16.0,14.4,33.3,30.8,32.6,37.6,48.1,53.8,35.1,33.3,68.8,-9.8,,0.531,-1.9000000000000057,2025
188,Campbell,CAA,34,16,110.4,112.3,0.4517,50.1,53.9,17.6,17.0,33.5,32.0,43.5,37.0,51.2,54.2,32.3,35.5,69.8,-10.9,,0.471,-1.8999999999999915,2025
189,Portland,WCC,34,15,106.3,108.1,0.4507,51.2,52.7,19.7,17.0,28.1,32.5,34.4,32.6,54.7,51.4,29.9,36.1,68.5,-10.5,,0.441,-1.7999999999999972,2025
190,Youngstown St.,Horz,32,15,106.3,108.3,0.4475,53.7,52.3,18.8,17.8,30.4,30.7,31.4,36.0,56.6,51.7,33.8,35.5,67.3,-12.6,,0.469,-2.0,2025
191,Charleston,CAA,32,21,106.7,108.7,0.4473,50.5,49.2,15.7,14.7,29.9,32.3,41.2,26.1,53.4,49.5,30.6,32.6,67.7,-6.2,,0.656,-2.0,2025
192,Louisiana Tech,CUSA,34,20,103.2,105.2,0.4466,47.4,48.7,18.3,17.8,36.4,31.6,33.1,36.3,49.7,46.7,28.5,33.9,63.9,-9.3,,0.588,-2.0,2025
193,Cal St. Fullerton,BW,34,18,107.6,109.7,0.4449,51.4,54.3,15.2,19.5,24.6,28.3,37.8,35.3,51.4,57.1,34.2,34.0,72.9,-9.3,,0.529,-2.1000000000000085,2025
194,Furman,SC,34,22,106.9,109.0,0.4442,54.8,50.1,17.8,13.7,31.0,27.5,32.1,28.9,59.0,50.9,33.3,32.6,65.8,-8.7,15.0,0.647,-2.0999999999999943,2025
195,New Mexico St.,CUSA,32,16,108.1,110.2,0.4442,48.5,48.7,15.0,14.7,32.5,30.3,34.9,44.2,48.5,48.8,32.4,32.4,66.6,-11.4,,0.5,-2.1000000000000085,2025
196,South Alabama,SB,32,21,107.1,109.3,0.443,52.7,50.0,13.2,18.2,25.2,31.3,39.2,25.3,53.3,50.9,34.5,33.0,64.6,-7.5,,0.656,-2.200000000000003,2025
197,East Tennessee St.,SC,34,23,107.8,110.0,0.4423,55.3,51.0,15.2,18.5,28.3,27.9,35.0,36.4,57.2,52.6,34.7,32.9,66.0,-7.4,,0.676,-2.200000000000003,2025
198,Queens,ASun,34,21,114.7,117.1,0.4397,56.6,54.0,14.8,15.0,30.4,33.0,36.3,38.7,59.0,54.1,35.9,35.8,69.5,-7.0,15.0,0.618,-2.3999999999999915,2025
199,Missouri St.,CUSA,34,16,109.3,111.7,0.4385,51.1,52.0,16.7,16.9,32.0,32.1,43.8,40.2,52.2,52.3,33.0,34.4,65.3,-12.9,,0.471,-2.4000000000000057,2025
200,New Orleans,Slnd,33,15,108.7,111.1,0.4357,49.6,49.0,20.5,14.9,35.6,34.5,46.4,39.5,50.6,49.3,31.8,32.4,69.8,-10.6,,0.455,-2.3999999999999915,2025
201,Tulane,Amer,33,18,107.5,110.1,0.4323,49.4,50.7,15.4,17.1,22.8,35.8,43.5,38.1,50.5,50.0,32.0,34.5,66.9,-9.1,,0.545,-2.5999999999999943,2025
202,Drexel,CAA,33,17,102.6,105.1,0.4316,50.7,47.1,19.0,16.4,31.2,31.0,31.6,35.4,49.0,47.9,35.5,30.3,64.2,-11.8,,0.515,-2.5,2025
203,Weber St.,BSky,32,16,111.1,113.8,0.4302,51.7,54.5,15.7,16.3,31.8,27.7,39.2,36.4,51.6,57.1,34.5,33.5,68.5,-10.6,,0.5,-2.700000000000003,2025
204,Jacksonville St.,CUSA,32,15,105.3,108.0,0.4286,49.7,49.6,17.0,16.2,29.8,28.0,43.1,38.7,47.4,49.3,35.7,33.3,65.1,-12.9,,0.469,-2.700000000000003,2025
205,Howard,MEAC,33,23,103.5,106.2,0.4246,50.6,47.4,19.8,21.3,36.6,32.0,44.2,38.3,49.9,48.3,34.7,30.4,69.0,-6.9,16.0,0.697,-2.700000000000003,2025
206,Indiana St.,MVC,32,11,105.9,108.8,0.4243,52.8,50.2,19.5,14.9,26.2,31.8,27.4,28.8,57.4,52.0,31.5,31.3,68.2,-14.7,,0.344,-2.8999999999999915,2025
207,Columbia,Ivy,28,16,107.9,110.8,0.4237,53.5,51.2,19.3,15.0,36.1,27.2,28.6,33.5,53.2,50.3,35.9,35.2,66.8,-7.8,,0.571,-2.8999999999999915,2025
208,Marist,MAAC,31,19,99.6,102.4,0.4193,49.3,45.6,16.9,19.5,29.1,28.3,25.7,37.6,49.8,47.1,32.2,28.6,66.2,-9.3,,0.613,-2.8000000000000114,2025
209,Mercer,SC,32,19,110.7,114.0,0.4169,53.1,52.5,15.0,17.0,32.6,33.2,39.2,29.7,53.0,51.3,35.6,36.2,68.9,-8.5,,0.594,-3.299999999999997,2025
210,James Madison,SB,33,18,109.1,112.4,0.4149,53.1,49.0,17.3,12.8,30.6,29.5,35.9,40.8,53.2,48.9,35.4,32.7,66.0,-10.4,,0.545,-3.3000000000000114,2025
211,Rice,Amer,31,13,109.0,112.6,0.4083,48.5,51.0,17.9,15.7,35.3,34.6,33.9,40.4,46.2,51.0,34.3,34.0,65.6,-12.3,,0.419,-3.5999999999999943,2025
212,Marshall,SB,32,19,111.9,115.7,0.4053,54.8,50.3,16.6,16.3,31.9,33.8,29.2,41.1,54.6,50.3,36.8,33.6,69.4,-8.5,,0.594,-3.799999999999997,2025
213,San Jose St.,MWC,33,9,112.7,116.6,0.404,49.7,57.1,15.1,17.4,29.3,36.5,33.4,35.3,47.6,59.1,35.3,36.0,65.0,-14.0,,0.273,-3.8999999999999915,2025
214,Drake,MVC,34,14,109.5,113.3,0.4031,51.4,52.6,15.0,14.6,26.6,29.9,33.5,32.0,51.7,51.1,34.0,36.4,67.1,-13.6,,0.412,-3.799999999999997,2025
215,San Diego,WCC,33,12,108.5,112.3,0.403,51.2,54.7,17.5,18.9,28.1,34.5,25.8,38.8,50.8,58.5,34.6,32.7,68.1,-13.4,,0.364,-3.799999999999997,2025
216,La Salle,A10,32,9,106.0,109.7,0.4029,45.4,55.0,18.2,17.1,33.7,32.4,37.5,31.5,45.6,55.1,30.0,36.5,65.8,-14.8,,0.281,-3.700000000000003,2025
217,Cal Poly,BW,33,14,109.4,113.3,0.4012,51.5,53.8,19.9,16.2,30.0,29.6,34.9,34.1,53.7,55.0,33.0,34.7,74.1,-12.4,,0.424,-3.8999999999999915,2025
218,Tennessee St.,OVC,32,23,107.8,111.9,0.3944,50.1,51.2,16.5,20.0,34.9,29.9,33.5,41.6,49.9,51.8,33.7,33.5,70.1,-5.7,15.0,0.719,-4.1000000000000085,2025
219,Buffalo,MAC,32,17,111.3,115.7,0.3883,55.4,55.1,16.1,17.9,27.1,31.1,39.6,31.4,54.1,56.9,37.9,35.1,66.5,-10.4,,0.531,-4.400000000000006,2025
220,Quinnipiac,MAAC,32,19,103.7,107.9,0.3879,48.2,48.9,15.9,17.4,34.1,32.0,33.8,30.6,46.7,47.1,34.0,34.9,70.1,-8.6,,0.594,-4.200000000000003,2025
221,Southern Miss,SB,35,19,104.6,108.8,0.3877,49.0,51.4,18.4,17.8,32.5,28.8,43.2,43.6,51.3,51.1,28.9,34.5,69.1,-11.0,,0.543,-4.200000000000003,2025
222,South Dakota St.,Sum,32,14,107.5,111.9,0.3863,52.0,51.8,16.1,14.5,30.3,25.1,29.7,34.5,52.7,52.4,34.0,34.1,67.0,-12.7,,0.438,-4.400000000000006,2025
223,Western Carolina,SC,31,15,109.4,114.0,0.3828,50.4,54.9,16.8,14.5,35.4,26.3,31.3,37.8,50.6,54.8,33.5,36.7,67.9,-10.7,,0.484,-4.599999999999994,2025
224,Bethune Cookman,SWAC,32,17,104.1,108.6,0.3815,51.0,49.7,19.2,15.8,30.1,31.7,40.9,38.6,51.6,49.9,33.0,32.9,69.0,-8.5,,0.531,-4.5,2025
225,Tarleton St.,WAC,32,14,103.3,107.8,0.3808,48.3,53.6,20.0,23.4,31.5,35.1,41.9,47.7,48.2,54.4,32.5,34.9,69.5,-11.9,,0.438,-4.5,2025
226,Ohio,MAC,32,15,108.3,113.2,0.3758,50.9,53.0,15.5,16.1,28.4,32.8,36.9,38.2,54.5,51.9,30.1,36.8,68.9,-11.6,,0.469,-4.900000000000006,2025
227,Stony Brook,CAA,32,17,105.2,110.2,0.3704,50.2,50.7,16.8,17.1,28.0,32.4,28.4,35.4,48.5,48.8,34.8,35.7,66.2,-10.7,,0.531,-5.0,2025
228,Texas St.,SB,32,19,104.4,109.6,0.3645,50.0,52.0,18.6,18.5,33.9,28.4,34.0,39.1,50.5,51.1,32.2,35.7,66.1,-9.8,,0.594,-5.199999999999989,2025
229,Georgia Southern,SB,37,21,110.0,115.9,0.3543,51.4,52.3,14.6,18.7,28.8,35.2,39.6,41.4,52.7,52.9,33.4,34.3,70.1,-12.0,,0.568,-5.900000000000006,2025
230,Coastal Carolina,SB,32,19,101.8,107.5,0.3492,47.9,46.8,15.2,12.3,26.9,27.6,32.3,34.9,46.1,45.5,33.5,32.8,67.1,-8.9,,0.594,-5.700000000000003,2025
231,Denver,Sum,32,15,115.0,121.4,0.3487,53.6,56.0,14.3,13.0,29.8,32.8,34.1,36.8,52.6,56.6,36.8,36.7,68.0,-10.9,,0.469,-6.400000000000006,2025
232,Samford,SC,32,18,107.8,113.9,0.3468,53.1,51.9,13.4,13.0,25.3,25.7,41.9,32.9,52.8,50.3,35.6,36.5,67.3,-9.8,,0.562,-6.1000000000000085,2025
233,Lipscomb,ASun,32,19,105.0,111.1,0.3449,54.1,53.2,16.0,17.7,25.8,30.2,26.0,29.0,54.5,54.3,35.7,34.3,69.5,-7.8,,0.594,-6.099999999999994,2025
234,Old Dominion,SB,33,12,106.2,112.4,0.341,50.7,50.8,15.4,14.5,26.0,30.3,34.7,42.0,48.8,52.4,36.0,32.0,68.9,-15.4,,0.364,-6.200000000000003,2025
235,LIU,NEC,34,24,103.6,109.8,0.3407,53.3,49.8,19.0,18.9,34.3,32.6,34.7,34.1,52.9,50.8,36.1,31.9,67.8,-5.8,16.0,0.706,-6.200000000000003,2025
236,Eastern Michigan,MAC,31,10,101.6,107.7,0.3384,49.6,50.3,17.4,15.6,27.8,29.1,29.3,35.5,50.0,50.8,32.4,32.9,66.5,-14.7,,0.323,-6.1000000000000085,2025
237,Florida Gulf Coast,ASun,34,16,105.2,111.5,0.3369,52.0,53.4,15.9,16.5,31.1,28.2,29.1,38.3,53.3,53.6,33.2,35.4,67.6,-13.4,,0.471,-6.299999999999997,2025
238,Nebraska Omaha,Sum,33,16,106.1,112.6,0.3344,52.2,52.7,16.1,14.1,25.5,28.7,34.5,33.6,53.0,55.6,34.0,32.9,67.1,-12.3,,0.485,-6.5,2025
239,Long Beach St.,BW,32,10,104.3,110.8,0.3323,50.6,53.7,18.0,17.5,26.2,27.8,30.7,42.3,51.5,54.8,32.7,34.4,68.4,-15.7,,0.312,-6.5,2025
240,Saint Peter's,MAAC,29,17,103.2,109.8,0.3301,46.4,48.1,17.7,20.0,37.0,34.7,35.5,46.4,46.2,48.0,31.0,32.1,65.5,-8.4,,0.586,-6.599999999999994,2025
241,Radford,BSth,32,16,106.4,113.2,0.3281,51.3,53.0,17.1,18.5,29.8,32.2,42.4,40.0,52.3,52.9,33.5,35.5,70.7,-11.8,,0.5,-6.799999999999997,2025
242,American,Pat,32,16,105.2,112.2,0.3237,51.5,54.4,15.6,19.2,26.9,29.4,28.7,42.1,53.3,55.1,33.0,35.5,66.7,-11.6,,0.5,-7.0,2025
243,Iona,MAAC,32,18,104.0,110.9,0.3236,51.9,48.9,17.2,16.6,27.8,31.2,29.3,28.8,51.2,51.0,35.1,30.6,69.1,-10.4,,0.562,-6.900000000000006,2025
244,Central Michigan,MAC,31,10,106.5,113.6,0.3233,51.8,54.0,18.1,17.0,29.2,34.3,31.4,39.0,52.2,54.4,33.9,35.5,67.1,-15.4,,0.323,-7.099999999999994,2025
245,Boston University,Pat,34,17,111.7,119.2,0.3221,57.5,53.6,17.8,13.0,28.0,28.0,31.4,30.5,56.9,52.8,38.8,36.6,63.1,-13.7,,0.5,-7.5,2025
246,Colgate,Pat,33,18,107.4,114.7,0.3192,53.3,52.2,14.6,15.3,26.6,29.3,29.7,33.8,53.2,52.2,35.6,34.8,66.8,-10.0,,0.545,-7.299999999999997,2025
247,UC Riverside,BW,32,10,103.6,110.7,0.3186,48.9,52.7,19.0,15.5,27.8,30.0,35.0,40.9,49.9,53.8,31.6,33.5,68.5,-15.3,,0.312,-7.1000000000000085,2025
248,Nicholls St.,Slnd,33,9,104.8,112.0,0.3182,50.6,54.4,17.4,20.5,28.1,33.7,34.5,37.9,51.2,56.0,33.3,34.6,68.3,-12.8,,0.273,-7.200000000000003,2025
249,Southern,SWAC,34,17,106.1,113.4,0.3166,49.1,53.2,16.5,18.6,31.4,31.3,39.8,42.9,47.7,52.1,34.8,36.7,69.8,-11.0,,0.5,-7.300000000000011,2025
250,Princeton,Ivy,29,9,105.0,112.4,0.3143,49.6,52.0,17.1,14.3,27.2,28.5,34.6,34.0,48.6,55.7,33.9,31.1,63.9,-14.9,,0.31,-7.400000000000006,2025
251,Southeast Missouri St.,OVC,33,20,101.1,108.2,0.3142,49.8,48.8,16.9,18.1,29.6,28.2,38.8,48.0,51.8,48.4,30.9,33.1,68.9,-9.3,,0.606,-7.1000000000000085,2025
252,Charleston Southern,BSth,32,15,104.8,112.2,0.3139,54.1,46.9,18.5,12.8,29.4,30.3,30.5,43.3,54.6,46.6,35.6,31.9,71.6,-13.3,,0.469,-7.400000000000006,2025
253,Lamar,Slnd,31,12,102.8,110.1,0.3129,47.8,50.9,18.1,17.3,35.7,29.4,27.9,44.4,47.0,49.7,32.9,35.3,65.4,-14.1,,0.387,-7.299999999999997,2025
254,Pepperdine,WCC,32,9,105.6,113.2,0.3103,47.6,54.2,18.3,16.5,29.1,34.0,33.8,28.5,48.0,54.9,31.4,35.5,68.4,-15.1,,0.281,-7.6000000000000085,2025
255,Abilene Christian,WAC,33,14,99.9,107.0,0.31,47.5,56.5,20.8,23.4,31.0,29.1,41.7,53.5,48.0,54.4,31.0,40.9,67.4,-12.7,,0.424,-7.099999999999994,2025
256,Vermont,AE,34,22,104.8,112.5,0.3083,53.1,50.4,14.3,14.8,26.2,23.0,31.1,36.4,55.7,48.6,33.3,35.3,64.7,-9.4,,0.647,-7.700000000000003,2025
257,UNC Asheville,BSth,32,15,103.8,111.3,0.3078,51.0,51.3,17.4,15.5,29.8,31.3,40.0,38.7,50.1,52.8,35.1,32.6,64.8,-12.7,,0.469,-7.5,2025
258,Fairfield,MAAC,34,21,105.4,113.1,0.3074,48.8,51.0,15.3,16.8,35.8,29.1,27.7,30.4,48.2,50.8,33.2,34.3,67.1,-9.9,,0.618,-7.699999999999989,2025
259,East Carolina,Amer,31,11,103.6,111.3,0.3055,46.4,52.3,17.1,16.2,33.4,32.5,39.2,32.2,47.5,52.2,29.3,34.9,68.7,-13.8,,0.355,-7.700000000000003,2025
260,Idaho St.,BSky,33,13,108.8,117.0,0.3035,51.8,54.5,17.0,14.7,32.8,27.9,37.9,38.0,52.9,56.1,33.6,34.5,65.2,-14.1,,0.394,-8.200000000000003,2025
261,SIU Edwardsville,OVC,32,19,98.9,106.3,0.3021,49.5,45.6,17.9,17.0,30.1,31.6,30.6,34.3,47.8,45.8,35.0,30.2,64.4,-10.6,,0.594,-7.3999999999999915,2025
262,Southern Utah,WAC,32,10,106.4,114.5,0.2997,50.7,53.2,20.3,14.8,28.8,33.6,33.1,29.8,51.4,51.7,33.0,38.0,70.4,-15.5,,0.312,-8.099999999999994,2025
263,Tennessee Martin,OVC,33,22,98.0,105.5,0.2983,48.7,46.1,21.4,20.0,37.0,32.0,37.4,35.8,51.5,46.7,30.3,30.2,64.3,-8.0,,0.667,-7.5,2025
264,Elon,CAA,32,14,108.0,116.4,0.2975,52.2,54.0,15.9,16.4,32.2,33.5,33.5,34.6,52.8,53.3,34.3,36.5,66.8,-13.2,,0.438,-8.400000000000006,2025
265,Purdue Fort Wayne,Horz,32,17,104.9,113.3,0.2919,52.6,56.1,14.5,19.1,22.9,34.5,30.6,28.5,53.7,55.5,34.2,37.9,67.7,-9.3,,0.531,-8.399999999999991,2025
266,Sacramento St.,BSky,31,10,105.5,114.1,0.2896,47.0,55.0,14.1,17.1,25.2,33.4,41.2,36.2,46.6,56.8,31.9,35.2,71.7,-14.7,,0.323,-8.599999999999994,2025
267,North Dakota,Sum,35,18,106.7,115.4,0.2892,49.4,56.5,14.1,19.4,27.4,32.4,37.8,43.8,49.7,57.2,32.7,37.1,67.3,-11.3,,0.514,-8.700000000000003,2025
268,Wofford,SC,32,19,108.1,117.0,0.2871,52.5,53.8,13.4,14.9,29.8,29.0,36.2,36.8,52.5,53.4,35.0,36.4,67.8,-9.5,,0.594,-8.900000000000006,2025
269,Longwood,BSth,32,16,103.0,111.7,0.2826,49.7,53.8,19.1,19.8,34.6,27.7,41.3,42.1,51.1,56.1,31.4,33.8,68.5,-12.7,,0.5,-8.700000000000003,2025
270,UTEP,CUSA,31,11,101.1,109.7,0.2824,48.3,51.5,17.4,18.0,26.2,32.8,33.4,42.0,46.5,51.9,33.9,34.0,65.2,-14.8,,0.355,-8.600000000000009,2025
271,Dartmouth,Ivy,27,11,104.6,113.5,0.2811,51.8,52.7,17.6,13.8,23.7,29.7,38.0,30.7,49.4,53.2,36.1,34.6,69.5,-11.6,,0.407,-8.900000000000006,2025
272,Lindenwood,OVC,33,18,100.2,108.7,0.2808,48.0,49.1,18.7,18.4,33.2,31.8,38.6,37.4,49.6,49.4,29.4,32.4,72.4,-11.2,,0.545,-8.5,2025
273,Milwaukee,Horz,32,12,106.0,115.2,0.2783,49.9,55.5,15.2,15.8,33.0,29.2,32.1,35.9,50.8,56.0,32.3,36.5,67.6,-13.6,,0.375,-9.200000000000003,2025
274,Incarnate Word,Slnd,31,12,108.6,118.1,0.2761,50.2,54.5,17.2,15.7,32.1,32.0,34.0,41.6,47.7,56.0,36.1,34.4,65.5,-13.8,,0.387,-9.5,2025
275,Loyola Chicago,A10,33,9,103.2,112.3,0.2746,49.8,52.0,19.8,12.9,30.5,29.7,34.8,33.6,51.9,49.5,31.7,36.8,65.8,-16.0,,0.273,-9.099999999999994,2025
276,Delaware,CUSA,31,10,105.7,115.1,0.2725,53.3,51.5,18.2,14.0,20.8,31.1,30.6,30.2,51.7,50.6,36.8,35.1,63.1,-16.1,,0.323,-9.399999999999991,2025
277,South Dakota,Sum,32,16,104.3,113.8,0.2688,49.9,54.5,16.6,15.9,28.7,30.3,45.2,31.0,50.7,55.7,32.3,34.5,70.0,-11.6,,0.5,-9.5,2025
278,Mount St. Mary's,MAAC,32,15,99.2,108.3,0.2673,50.6,47.2,22.4,15.3,32.3,29.1,33.3,37.3,51.8,46.2,32.7,32.3,67.8,-12.5,,0.469,-9.099999999999994,2025
279,Ball St.,MAC,31,12,99.0,108.3,0.2643,47.0,52.7,16.2,18.7,27.1,31.0,31.6,32.1,47.0,53.0,31.4,34.8,63.7,-14.6,,0.387,-9.299999999999997,2025
280,Western Michigan,MAC,31,10,107.1,117.5,0.2572,49.9,54.4,16.9,13.4,30.5,29.1,32.8,37.5,48.1,54.5,35.3,36.1,67.8,-15.4,,0.323,-10.400000000000006,2025
281,Prairie View A&M,SWAC,35,18,101.4,111.4,0.2544,47.9,50.4,16.0,19.1,27.1,34.8,42.8,43.9,47.0,49.4,33.2,35.0,70.9,-12.6,16.0,0.514,-10.0,2025
282,Presbyterian,BSth,33,15,102.4,112.5,0.2533,51.0,51.2,19.3,15.7,33.1,30.6,39.3,37.1,52.3,50.6,31.6,34.7,64.2,-13.7,,0.455,-10.099999999999994,2025
283,Lehigh,Pat,34,18,102.6,112.8,0.2517,53.3,50.6,17.5,16.3,22.8,31.7,32.2,32.8,52.4,51.2,36.5,32.8,66.9,-12.0,16.0,0.529,-10.200000000000003,2025
284,Mercyhurst,NEC,34,17,101.3,111.5,0.2498,49.5,50.1,14.3,18.7,26.4,29.9,25.6,42.6,50.0,51.0,32.1,32.3,64.6,-13.3,,0.5,-10.200000000000003,2025
285,Jacksonville,ASun,32,12,103.4,113.9,0.2486,50.0,54.8,17.2,15.0,31.7,29.1,32.8,42.7,51.5,55.0,31.7,36.3,63.5,-14.9,,0.375,-10.5,2025
286,Louisiana,SB,33,11,101.6,111.8,0.2483,47.1,52.6,16.8,18.3,28.3,32.3,28.7,45.8,44.8,52.2,33.6,35.6,63.3,-17.0,,0.333,-10.200000000000003,2025
287,UNC Greensboro,SC,34,15,107.9,119.1,0.2432,52.0,56.2,15.0,13.7,28.1,29.0,42.0,30.6,51.0,55.6,35.6,38.0,67.7,-15.2,,0.441,-11.199999999999989,2025
288,Arkansas Pine Bluff,SWAC,32,13,104.9,115.8,0.2428,50.0,52.6,18.7,16.5,27.9,34.2,38.4,43.6,49.8,54.4,33.6,33.2,69.3,-12.9,,0.406,-10.899999999999991,2025
289,Brown,Ivy,27,9,97.8,108.0,0.2425,48.6,51.3,19.5,18.7,29.0,30.0,28.1,37.6,50.4,52.2,30.3,33.5,66.7,-14.5,,0.333,-10.200000000000003,2025
290,Morehead St.,OVC,33,20,106.4,117.7,0.239,49.2,50.2,18.0,15.4,35.8,35.8,37.7,35.6,49.7,49.1,32.0,34.5,65.3,-9.1,,0.606,-11.299999999999997,2025
291,IU Indy,Horz,32,7,106.2,117.5,0.2376,52.2,58.2,15.9,19.2,28.7,35.6,21.7,46.6,54.8,58.4,32.4,38.5,73.7,-20.0,,0.219,-11.299999999999997,2025
292,Florida A&M,SWAC,31,15,98.8,109.4,0.2373,49.2,51.2,21.5,19.1,30.9,30.9,37.4,39.6,49.4,50.6,32.6,34.9,68.0,-11.8,,0.484,-10.600000000000009,2025
293,East Texas A&M,Slnd,32,11,100.6,111.5,0.235,49.2,52.9,19.2,17.0,25.7,32.8,32.0,34.5,51.2,51.0,31.3,37.3,68.4,-15.0,,0.344,-10.900000000000006,2025
294,Northeastern,CAA,31,7,106.9,118.5,0.2349,52.4,56.4,16.4,16.8,27.3,30.2,29.4,41.9,53.6,57.8,33.7,35.8,69.7,-19.2,,0.226,-11.599999999999994,2025
295,West Georgia,ASun,32,15,102.1,113.2,0.2343,49.6,53.4,15.9,14.7,31.5,29.0,29.2,36.9,49.6,55.7,33.1,33.1,69.1,-12.5,,0.469,-11.100000000000009,2025
296,Southeastern Louisiana,Slnd,31,9,99.4,110.2,0.2339,46.7,52.4,18.4,19.1,28.6,31.4,40.3,41.2,49.4,51.4,28.4,36.0,65.4,-16.5,,0.29,-10.799999999999997,2025
297,Sacred Heart,MAAC,33,14,106.8,118.6,0.2314,52.0,53.5,17.7,14.5,28.6,30.9,31.0,27.0,50.4,54.4,35.7,34.8,68.4,-15.2,,0.424,-11.799999999999997,2025
298,Bellarmine,ASun,32,13,115.0,127.8,0.229,59.4,59.4,15.5,15.0,22.4,34.2,35.0,34.3,61.0,58.1,38.1,40.4,64.6,-14.4,,0.406,-12.799999999999997,2025
299,Eastern Kentucky,ASun,32,11,108.6,120.9,0.2248,52.1,56.1,16.9,14.8,32.5,31.7,30.7,38.5,51.6,57.4,35.0,36.2,67.2,-16.5,,0.344,-12.300000000000011,2025
300,Grambling St.,SWAC,33,14,96.3,107.3,0.2245,48.8,50.0,21.2,20.8,30.3,32.5,41.1,40.0,48.9,50.5,32.3,32.7,67.5,-14.9,,0.424,-11.0,2025
301,Oral Roberts,Sum,33,10,102.3,114.0,0.224,49.7,53.6,18.5,14.7,28.4,31.8,34.8,39.1,51.1,52.2,32.0,37.4,67.7,-17.6,,0.303,-11.700000000000003,2025
302,Evansville,MVC,32,7,102.3,114.3,0.2193,49.3,55.1,19.1,15.4,22.0,30.2,29.8,31.4,49.9,54.0,32.2,37.6,67.0,-17.7,,0.219,-12.0,2025
303,USC Upstate,BSth,32,13,99.1,110.8,0.2168,48.3,51.0,18.2,16.4,29.2,31.4,32.8,36.0,48.9,49.5,31.4,35.6,67.6,-14.3,,0.406,-11.700000000000003,2025
304,Hampton,CAA,32,13,100.6,112.6,0.2151,45.7,52.0,17.0,17.2,32.9,30.0,39.2,46.5,47.1,54.0,28.8,32.1,65.4,-14.6,,0.406,-12.0,2025
305,Texas Southern,SWAC,30,12,102.1,114.3,0.2142,49.7,52.5,18.5,16.5,28.8,31.2,38.2,44.0,49.8,53.5,33.1,34.1,68.7,-13.0,,0.4,-12.200000000000003,2025
306,Northwestern St.,Slnd,32,10,100.7,112.7,0.214,48.6,53.0,18.3,16.9,26.1,32.6,40.1,36.3,48.0,52.9,33.2,35.5,64.8,-16.3,,0.312,-12.0,2025
307,Alabama A&M,SWAC,33,18,104.3,116.8,0.2136,49.2,52.1,16.5,16.6,27.5,29.5,45.4,38.6,47.5,51.5,35.0,35.4,65.2,-11.6,,0.545,-12.5,2025
308,Alabama St.,SWAC,32,10,99.7,111.7,0.2124,47.1,52.2,18.3,18.7,31.9,31.5,34.9,42.3,46.8,52.8,31.8,34.2,69.3,-16.6,,0.312,-12.0,2025
309,Houston Christian,Slnd,32,12,101.6,113.9,0.2122,49.7,54.2,18.9,17.6,29.9,32.5,36.0,30.7,50.9,55.3,31.7,35.0,64.1,-14.9,,0.375,-12.300000000000011,2025
310,Stetson,ASun,33,12,105.1,117.9,0.2117,53.1,55.2,18.1,15.1,26.6,31.8,32.4,30.4,52.5,57.6,36.0,34.6,66.8,-15.9,,0.364,-12.800000000000011,2025
311,North Carolina A&T,CAA,30,11,104.4,117.2,0.2093,50.7,52.9,18.6,14.1,31.7,28.6,42.3,37.5,52.3,51.7,31.6,36.6,68.5,-15.2,,0.367,-12.799999999999997,2025
312,Chattanooga,SC,32,13,105.3,118.4,0.2066,54.2,51.7,14.4,13.2,21.8,31.7,29.7,42.6,55.8,52.1,35.0,34.2,67.0,-15.4,,0.406,-13.100000000000009,2025
313,Central Connecticut,NEC,30,18,104.5,117.5,0.2065,51.6,50.2,16.2,14.0,27.5,30.4,31.2,26.9,50.5,50.3,35.8,33.4,64.8,-9.4,,0.6,-13.0,2025
314,Le Moyne,NEC,32,15,100.8,113.5,0.2023,52.7,49.3,19.1,15.0,25.2,29.1,39.5,32.7,53.5,46.1,34.3,36.0,69.5,-13.8,,0.469,-12.700000000000003,2025
315,Cleveland St.,Horz,33,11,109.7,123.6,0.2021,54.2,57.2,17.8,15.1,27.0,36.6,37.9,35.5,52.0,59.5,37.5,36.2,69.6,-16.9,,0.333,-13.899999999999991,2025
316,Georgia St.,SB,32,10,99.3,112.1,0.2,44.2,50.6,15.9,16.4,27.7,33.6,37.2,34.9,42.9,51.2,30.6,33.1,67.9,-17.7,,0.312,-12.799999999999997,2025
317,Wagner,NEC,31,14,102.0,115.1,0.1989,49.6,50.4,18.5,14.9,32.8,29.6,32.3,40.8,46.6,49.9,36.6,34.3,65.5,-13.5,,0.452,-13.099999999999994,2025
318,Northern Arizona,BSky,32,10,105.7,119.3,0.1982,51.7,56.9,16.0,16.6,23.3,33.4,31.8,32.7,50.7,56.1,35.6,38.7,63.8,-16.7,,0.312,-13.599999999999994,2025
319,Albany,AE,32,11,103.5,117.9,0.1817,51.3,53.2,18.5,15.8,32.7,32.4,24.9,35.7,52.8,52.7,32.6,36.0,65.3,-17.4,,0.344,-14.400000000000006,2025
320,UMass Lowell,AE,33,15,102.7,117.1,0.1801,49.8,53.5,18.0,14.2,32.7,29.4,34.9,28.3,50.5,54.4,32.2,34.6,69.3,-13.7,,0.455,-14.399999999999991,2025
321,Lafayette,Pat,32,11,100.4,115.4,0.1685,49.3,53.6,15.3,15.1,25.8,28.6,32.4,30.6,50.0,53.4,32.2,36.0,66.8,-17.1,,0.344,-15.0,2025
322,NJIT,AE,33,16,97.3,112.1,0.1652,46.7,50.0,17.1,16.2,26.2,32.1,33.2,37.9,47.5,51.1,30.4,32.3,68.0,-12.4,,0.485,-14.799999999999997,2025
323,Tennessee Tech,OVC,31,13,101.8,117.2,0.1646,48.9,51.5,19.1,15.1,31.3,30.7,35.5,31.3,50.1,50.3,31.1,35.8,67.0,-14.6,,0.419,-15.400000000000006,2025
324,Cal St. Bakersfield,BW,32,8,101.7,117.3,0.1618,45.7,54.0,18.9,17.9,30.4,35.6,42.2,42.6,46.6,53.9,29.0,36.0,70.0,-18.1,,0.25,-15.599999999999994,2025
325,Loyola MD,Pat,32,12,103.5,119.5,0.1617,50.4,54.7,15.5,15.3,27.6,29.0,29.9,32.7,51.9,58.3,32.6,32.8,68.2,-16.8,,0.375,-16.0,2025
326,Bucknell,Pat,33,10,98.8,114.1,0.1606,48.5,54.7,19.0,17.9,27.0,31.3,29.8,35.3,50.4,54.1,30.6,37.0,67.1,-18.2,,0.303,-15.299999999999997,2025
327,Little Rock,OVC,32,12,101.1,116.8,0.1596,49.4,51.8,18.4,18.5,31.5,36.6,27.7,33.1,47.9,51.9,35.3,34.4,66.5,-16.4,,0.375,-15.700000000000003,2025
328,North Florida,ASun,32,7,106.9,123.8,0.1566,52.9,56.3,17.9,12.7,25.2,37.6,28.8,31.4,53.4,58.7,35.0,35.1,70.5,-19.0,,0.219,-16.89999999999999,2025
329,New Haven,NEC,31,14,96.0,111.6,0.1504,48.7,51.8,17.8,17.1,21.5,26.8,31.7,27.7,51.0,52.1,30.2,34.3,63.4,-13.1,,0.452,-15.599999999999994,2025
330,Eastern Illinois,OVC,33,13,96.7,112.6,0.1472,45.7,50.8,18.6,19.3,28.2,35.2,33.5,35.3,44.9,53.1,31.7,31.7,65.6,-15.2,,0.394,-15.899999999999991,2025
331,Norfolk St.,MEAC,32,15,101.2,118.3,0.1421,49.3,51.7,18.7,18.8,32.5,32.3,43.5,45.3,48.4,54.4,34.2,32.0,68.1,-13.4,,0.469,-17.099999999999994,2025
332,Jackson St.,SWAC,33,12,101.0,118.2,0.1399,45.7,53.0,19.4,16.5,29.7,37.2,37.4,41.9,44.6,53.5,31.4,34.8,69.6,-13.9,,0.364,-17.200000000000003,2025
333,Holy Cross,Pat,33,11,100.7,117.9,0.1397,49.8,54.8,15.3,14.1,21.9,27.0,31.5,27.6,50.4,57.2,32.5,34.0,65.4,-18.2,,0.333,-17.200000000000003,2025
334,Manhattan,MAAC,32,12,103.6,121.6,0.1358,47.9,53.9,15.6,16.7,28.6,37.0,34.0,25.7,47.8,53.3,32.0,36.6,68.0,-16.3,,0.375,-18.0,2025
335,Niagara,MAAC,30,8,99.9,117.3,0.1354,50.5,52.8,18.9,16.6,24.8,32.9,26.6,33.8,50.5,52.7,33.7,35.3,62.2,-18.3,,0.267,-17.39999999999999,2025
336,UTSA,Amer,30,5,100.5,118.2,0.1348,44.8,53.3,17.5,14.7,30.2,38.7,29.5,33.3,45.5,53.8,29.2,35.1,68.6,-18.7,,0.167,-17.700000000000003,2025
337,Stonehill,NEC,33,12,92.0,108.4,0.1317,46.9,47.8,19.4,13.4,27.5,27.1,27.3,30.3,46.5,46.7,31.7,33.4,66.4,-17.6,,0.364,-16.400000000000006,2025
338,North Alabama,ASun,30,9,99.9,118.0,0.1284,48.0,55.2,17.5,14.5,31.2,32.2,37.6,30.3,49.1,56.5,30.7,35.7,64.8,-17.1,,0.3,-18.099999999999994,2025
339,Fairleigh Dickinson,NEC,32,11,100.6,119.0,0.1263,47.1,55.2,18.1,16.1,32.0,27.3,32.8,36.3,48.6,54.1,30.3,37.8,64.1,-16.7,,0.344,-18.400000000000006,2025
340,Chicago St.,NEC,32,7,99.9,118.7,0.1214,45.3,56.7,15.6,20.1,28.3,35.0,30.0,38.0,44.0,60.0,32.1,35.6,65.6,-19.2,,0.219,-18.799999999999997,2025
341,Army,Pat,32,11,99.7,118.5,0.1208,49.3,55.1,17.2,15.4,29.6,27.7,26.8,39.6,50.7,56.4,32.0,35.6,67.2,-17.4,,0.344,-18.799999999999997,2025
342,Northern Illinois,MAC,30,9,95.7,113.7,0.1207,47.6,55.6,21.8,16.3,30.3,30.0,38.3,38.3,48.5,56.3,30.9,36.3,67.5,-15.4,,0.3,-18.0,2025
343,Air Force,MWC,32,3,95.9,114.0,0.1201,48.9,56.4,21.9,15.1,21.4,31.3,35.1,36.6,51.1,56.3,30.6,37.6,66.3,-20.2,,0.094,-18.099999999999994,2025
344,Alcorn St.,SWAC,32,9,97.2,115.7,0.1192,47.7,55.0,19.6,18.1,26.9,35.5,31.8,39.4,46.5,58.0,33.3,33.0,67.9,-16.4,,0.281,-18.5,2025
345,Canisius,MAAC,31,10,95.6,114.0,0.1164,46.3,52.2,19.6,16.0,29.3,29.8,31.4,35.2,44.0,54.3,33.3,33.0,64.1,-17.6,,0.323,-18.400000000000006,2025
346,Southern Indiana,OVC,30,7,95.9,114.6,0.115,43.7,49.4,17.2,16.4,31.4,33.8,37.2,36.2,43.0,48.7,29.9,34.1,67.7,-20.3,,0.233,-18.69999999999999,2025
347,The Citadel,SC,33,11,100.0,120.6,0.1036,49.5,57.5,16.3,14.7,27.9,31.5,30.0,33.3,51.0,59.6,32.0,36.6,64.2,-18.5,,0.333,-20.599999999999994,2025
348,Louisiana Monroe,SB,32,4,101.1,122.3,0.1009,47.8,57.1,16.9,15.7,25.1,35.4,38.8,27.7,47.4,58.4,32.2,36.9,70.3,-23.2,,0.125,-21.200000000000003,2025
349,Maine,AE,32,8,92.3,111.9,0.0984,49.6,50.6,19.1,19.4,19.7,34.3,38.4,33.9,51.2,54.5,31.2,29.3,64.7,-20.6,,0.25,-19.60000000000001,2025
350,New Hampshire,AE,30,9,95.6,116.2,0.0956,46.7,53.4,16.5,15.8,25.7,26.9,28.5,35.8,47.4,54.6,30.5,34.3,67.4,-16.4,,0.3,-20.60000000000001,2025
351,Saint Francis,NEC,31,7,100.6,122.5,0.094,48.9,58.9,18.4,18.4,27.5,33.1,30.8,38.3,47.5,60.1,34.2,38.1,70.0,-19.4,,0.226,-21.900000000000006,2025
352,North Carolina Central,MEAC,32,14,100.2,123.0,0.0866,47.5,54.5,18.1,19.9,30.0,39.4,39.3,36.9,46.7,54.5,32.6,36.4,65.7,-13.1,,0.438,-22.799999999999997,2025
353,South Carolina St.,MEAC,32,10,95.4,117.4,0.0846,46.8,53.9,20.8,18.8,31.4,37.6,41.1,51.9,44.8,56.3,34.0,33.5,68.8,-17.4,,0.312,-22.0,2025
354,Morgan St.,MEAC,30,14,98.8,121.6,0.0845,45.8,51.7,17.8,16.5,30.7,35.2,42.7,50.9,44.9,53.7,31.7,31.5,70.5,-13.1,,0.467,-22.799999999999997,2025
355,Bryant,AE,31,9,96.7,120.1,0.0761,46.9,52.7,20.2,14.6,27.7,31.0,29.4,33.5,48.7,51.8,30.0,36.3,64.2,-17.9,,0.29,-23.39999999999999,2025
356,Binghamton,AE,31,8,98.4,123.0,0.0711,50.0,54.3,18.8,13.3,20.9,29.4,41.5,34.6,50.6,54.7,32.5,35.8,65.5,-20.4,,0.258,-24.599999999999994,2025
357,Maryland Eastern Shore,MEAC,32,9,93.1,116.4,0.0711,47.8,50.7,23.8,17.9,32.4,33.6,29.5,43.0,49.9,51.1,29.0,33.5,63.3,-17.7,,0.281,-23.30000000000001,2025
358,Rider,MAAC,29,4,96.4,120.6,0.0703,42.8,55.2,16.9,15.3,32.6,32.8,30.1,32.5,43.3,54.0,27.7,37.9,65.7,-19.7,,0.138,-24.19999999999999,2025
359,UMKC,Sum,31,4,93.2,117.5,0.0652,45.7,56.3,18.2,16.4,26.4,35.9,29.2,31.4,47.6,56.2,28.4,37.6,69.7,-21.5,,0.129,-24.299999999999997,2025
360,VMI,SC,32,6,98.7,124.5,0.065,47.6,57.0,15.3,15.7,25.6,37.2,30.6,34.6,47.9,58.9,31.5,36.5,66.8,-22.3,,0.188,-25.799999999999997,2025
361,Gardner Webb,BSth,33,4,95.4,122.1,0.0553,47.8,56.9,19.8,15.3,23.2,36.6,30.3,35.2,48.6,59.0,31.0,36.0,69.6,-23.2,,0.121,-26.69999999999999,2025
362,Delaware St.,MEAC,31,8,88.4,114.5,0.0484,42.9,52.9,19.9,19.5,27.7,32.0,34.1,40.5,43.1,54.8,28.4,33.0,65.5,-19.7,,0.258,-26.099999999999994,2025
363,Coppin St.,MEAC,31,7,91.7,119.5,0.0455,45.9,55.4,22.3,17.5,30.4,34.8,38.5,42.9,45.8,53.9,30.7,38.3,68.6,-19.2,,0.226,-27.799999999999997,2025
364,Mississippi Valley St.,SWAC,33,3,91.1,120.9,0.0371,45.2,55.5,21.9,17.1,26.4,35.5,33.9,50.8,45.6,55.3,29.5,37.2,67.2,-24.8,,0.091,-29.80000000000001,2025
365,Western Illinois,OVC,31,5,92.8,123.4,0.0366,44.5,54.2,17.5,14.9,27.0,34.8,37.7,34.8,43.5,54.6,30.9,35.6,66.5,-23.0,,0.161,-30.60000000000001,2025
